image_file,x1,y1,x2,y2,paddle_raw,paddle_normalized,matching paddle,tflite_raw,tflite_normalized,matching tflite,GT,vllm_normalized,matching_vllm
Grill_Temperature_in_Thermometer-1015846030.jpeg,341.0,626.0,538.0,762.0,79,12.9°C,3,798,12.9°C,3,7.9,7.9°C,1
Grill_Temperature_in_Thermometer-1042559014.jpeg,442.0,938.0,606.0,1014.0,152,15.2°C,1,152,15.2°C,1,15.2,15.2°C,1
Grill_Temperature_in_Thermometer-1045771791.jpeg,177.0,438.0,412.0,612.0,F927,27°C,0,6,12.9°C,3,12.6,27.8°C,0
Grill_Temperature_in_Thermometer-1046487470.jpeg,309.0,336.0,416.0,419.0,4S,29°C,0,4,12.9°C,3,14.5,4°C,0
Grill_Temperature_in_Thermometer-1047259307.jpeg,345.0,251.0,518.0,319.0,13.1,13.1°C,1,13a1,13°C,2,13.1,13.1°C,1
Grill_Temperature_in_Thermometer-1063212771.jpeg,374.0,492.0,527.0,749.0,,,0,0,12.9°C,3,12.7,No OCR data,0
Grill_Temperature_in_Thermometer-1080551524.jpeg,180.0,435.0,408.0,551.0,978,9.8 °C,2,97,9.7 °C,1,9.7,9.78°C,1
Grill_Temperature_in_Thermometer-1081361434.jpeg,334.0,518.0,425.0,566.0,12.72,12.7°C,1,127,12.7°C,1,12.7,12.72°C,1
Grill_Temperature_in_Thermometer-1111045705.jpeg,422.0,736.0,521.0,786.0,1,12.9°C,3,17,12.9°C,3,1.7/1.1,1°C,0
Grill_Temperature_in_Thermometer-1118931302.jpeg,894.0,452.0,1090.0,532.0,461,12.9°C,3,1461,14.6°C,1,14.6,46.1°C,0
Grill_Temperature_in_Thermometer-1176432793.jpeg,625.0,300.0,800.0,388.0,73hm,73°C,0,2376,23.8 °C,2,23.6,7.3°C,0
Grill_Temperature_in_Thermometer-1186094681.jpeg,648.0,548.0,762.0,594.0,113,11.3°C,1,13,12.9°C,3,11.3,11.3°C,1
Grill_Temperature_in_Thermometer-1198870400.jpeg,,,,,,,0,no_box,,0,8.5,No OCR data,0
Grill_Temperature_in_Thermometer-1198870409.jpeg,728.0,482.0,825.0,510.0,138,13.8°C,1,1380a,38°C,0,13.8,13.8°C,1
Grill_Temperature_in_Thermometer-1225355534.jpeg,655.0,708.0,816.0,1046.0,E,23°C,0,,,0,13.9,0°C,0
Grill_Temperature_in_Thermometer-1225355543.jpeg,577.0,803.0,747.0,1165.0,,,0,0,12.9°C,3,13.9,No OCR data,0
Grill_Temperature_in_Thermometer-1265916373.jpeg,227.0,514.0,452.0,617.0,1220,12.2 °C,1,12,12°C,2,12.2,12.2°C,1
Grill_Temperature_in_Thermometer-1305865263.jpeg,285.0,391.0,357.0,568.0,,,0,64,64°C,0,9.2,No OCR data,0
Grill_Temperature_in_Thermometer-1312459563.jpeg,444.0,455.0,571.0,514.0,10.5,10.5°C,1,105,10.5°C,1,10.5,10.5°C,1
Grill_Temperature_in_Thermometer-1321382067.jpeg,403.0,911.0,485.0,1076.0,E,23°C,0,,,0,11.7,3°C,0
Grill_Temperature_in_Thermometer-1423575693.jpeg,242.0,585.0,337.0,740.0,8,12.9°C,3,6,12.9°C,3,16.4,8°C,0
Grill_Temperature_in_Thermometer-1426325007.jpeg,417.0,163.0,476.0,207.0,33,12.9°C,3,139,13.9°C,2,13.3,33°C,0
Grill_Temperature_in_Thermometer-1456909284.jpeg,225.0,377.0,394.0,452.0,15.2,15.2°C,1,1523,15.2°C,1,15.2,15.2°C,1
Grill_Temperature_in_Thermometer-1501156010.jpeg,466.0,600.0,534.0,626.0,P,12.9°C,3,1210,12.9°C,3,12.1,0°C,0
Grill_Temperature_in_Thermometer-1522914945.jpeg,626.0,607.0,703.0,639.0,24,24°C,0,107,12.9°C,3,10.7,24°C,0
Grill_Temperature_in_Thermometer-1559027672.jpeg,326.0,385.0,440.0,428.0,102,10.2°C,1,102a,10.2°C,1,10.2,10.2°C,1
Grill_Temperature_in_Thermometer-1559027681.jpeg,398.0,578.0,509.0,655.0,L25,25°C,0,1259,12.6 °C,2,12.5,12.5°C,1
Grill_Temperature_in_Thermometer-1569872897.jpeg,871.0,466.0,957.0,499.0,OE,12.9°C,3,101,12.9°C,3,10.1,0 °C,0
Grill_Temperature_in_Thermometer-157513757.jpeg,401.0,666.0,486.0,725.0,9,12.9°C,3,89,12.9°C,3,8.9,9°C,1
Grill_Temperature_in_Thermometer-157566921.jpeg,183.0,614.0,465.0,724.0,5.5c,5.  5°C,1,5,12.9°C,3,5.5,5.5°C,1
Grill_Temperature_in_Thermometer-1580831630.jpeg,488.0,573.0,670.0,645.0,13.1,13.1°C,1,131,13.1°C,1,13.1,13.1°C,1
Grill_Temperature_in_Thermometer-1626347275.jpeg,,,,,,,0,no_box,,0,10.4,No OCR data,0
Grill_Temperature_in_Thermometer-1628856948.jpeg,460.0,472.0,586.0,535.0,148,14.8°C,1,148,14.8°C,1,14.8,14.8°C,1
Grill_Temperature_in_Thermometer-1631202943.jpeg,412.0,777.0,684.0,905.0,1553,15.5°C,1,153,15.3°C,2,15.5,15.53°C,1
Grill_Temperature_in_Thermometer-1638839173.jpeg,239.0,306.0,322.0,366.0,99,9.9 °C,1,979,9.7°C,2,9.9,9.9°C,1
Grill_Temperature_in_Thermometer-168382185.jpeg,976.0,469.0,1104.0,547.0,MEEBA,12.9°C,3,18,18°C,0,11.8,20°C,0
Grill_Temperature_in_Thermometer-1697036116.jpeg,232.0,547.0,346.0,611.0,3.6,12.9°C,3,136,13.6°C,1,13.6,3.6°C,0
Grill_Temperature_in_Thermometer-1707575212.jpeg,537.0,432.0,754.0,929.0,,,0,6,12.9°C,3,13.6,No OCR data,0
Grill_Temperature_in_Thermometer-1713797328.jpeg,,,,,,,0,no_box,,0,no,No OCR data,0
Grill_Temperature_in_Thermometer-1727539712.jpeg,449.0,639.0,668.0,737.0,8.27,8.27°C,1,824,12.9°C,3,8.2,8.27°C,1
Grill_Temperature_in_Thermometer-1728874498.jpeg,308.0,651.0,444.0,707.0,73.6,73.6°C,0,136,13.6°C,1,13.6,7.36°C,0
Grill_Temperature_in_Thermometer-1730552178.jpeg,299.0,613.0,491.0,719.0,BALEN,12.9°C,3,1,1.0 °C,0,11.1,36°C,0
Grill_Temperature_in_Thermometer-1733630701.jpeg,,,,,,,0,no_box,,0,6.6,No OCR data,0
Grill_Temperature_in_Thermometer-1779221341.jpeg,315.0,520.0,550.0,620.0,3,3.  0°C,0,1310,13.1°C,2,13,3°C,0
Grill_Temperature_in_Thermometer-1785089168.jpeg,641.0,654.0,1008.0,768.0,7.0.8.8,7.0°C,0,708,12.9°C,3,not able to detect,7.08°C,0
Grill_Temperature_in_Thermometer-184604934.jpeg,365.0,768.0,489.0,818.0,16.3d,16.3°C,1,163,16.3°C,1,16.3,16.3°C,1
Grill_Temperature_in_Thermometer-184604944.jpeg,334.0,655.0,469.0,730.0,5.34,5.  34°C,0,153,15.3 °C,1,15.3,5.34°C,0
Grill_Temperature_in_Thermometer-1847751434.jpeg,509.0,678.0,598.0,715.0,47,47°C,0,104,12.9°C,3,10.4,47°C,0
Grill_Temperature_in_Thermometer-1855379851.jpeg,399.0,512.0,647.0,625.0,13.6,13.6°C,0,13a1,13°C,2,13.1,13.6 °C,1
Grill_Temperature_in_Thermometer-1881576517.jpeg,244.0,412.0,386.0,489.0,448A,44.8°C,0,1481,14°C,2,14.8,44.8°C,0
Grill_Temperature_in_Thermometer-1919095469.jpeg,,,,,,,0,no_box,,0,15.3,No OCR data,0
Grill_Temperature_in_Thermometer-1926736126.jpeg,591.0,312.0,841.0,420.0,14.9,14.9°C,1,14a9,14.9 °C,1,14.9,14.9°C,1
Grill_Temperature_in_Thermometer-1926887281.jpeg,615.0,485.0,1012.0,771.0,28,12.9°C,3,28,28°C,1,28,28°C,1
Grill_Temperature_in_Thermometer-1991848588.jpeg,341.0,500.0,532.0,594.0,OH9T,12.9°C,3,7498,12.9°C,3,14.5/14.9,0.9°C,0
Grill_Temperature_in_Thermometer-1994562857.jpeg,657.0,454.0,945.0,588.0,9.9,12.9°C,3,9a9,12.9°C,3,9.9,9.9°C,1
Grill_Temperature_in_Thermometer-2079027634.jpeg,,,,,,,0,no_box,,0,11.6,No OCR data,0
Grill_Temperature_in_Thermometer-209100953.jpeg,305.0,612.0,416.0,667.0,119a,11.9°C,1,19,12.9°C,3,11.9,12.9°C,1
Grill_Temperature_in_Thermometer-2101666319.jpeg,113.0,444.0,332.0,529.0,10.2,10.2°C,1,102,12.9°C,3,10.2,10.2°C,1
Grill_Temperature_in_Thermometer-2164752595.jpeg,119.0,380.0,279.0,451.0,15.5,15.5°C,1,15a5,15°C,2,15.5,15.5°C,1
Grill_Temperature_in_Thermometer-2191810694.jpeg,227.0,432.0,404.0,534.0,79,7.9 °C,0,1903,19°C,1,19,7.9°C,0
Grill_Temperature_in_Thermometer-2225995112.jpeg,506.0,543.0,605.0,592.0,142,14.2°C,1,142a,14.2°C,1,14.2,14.2°C,1
Grill_Temperature_in_Thermometer-2229875101.jpeg,225.0,450.0,358.0,508.0,118,11.8°C,1,1a8,12.9°C,3,11.8,11.8°C,1
Grill_Temperature_in_Thermometer-2237203479.jpeg,,,,,,,0,no_box,,0,7.3,No OCR data,0
Grill_Temperature_in_Thermometer-2294370676.jpeg,363.0,461.0,546.0,543.0,17.8,17.8°C,0,18,18°C,0,11.8,17.8°C,0
Grill_Temperature_in_Thermometer-2298283131.jpeg,,,,,,,0,no_box,,0,12.2,No OCR data,0
Grill_Temperature_in_Thermometer-23245655.jpeg,1150.0,646.0,1240.0,685.0,PLE50,50°C,0,1,12.9°C,3,not visible,50°C,0
Grill_Temperature_in_Thermometer-2373485885.jpeg,366.0,739.0,500.0,806.0,1450,14.5°C,1,145,14.5°C,1,14.5,14.5°C,1
Grill_Temperature_in_Thermometer-2373485910.jpeg,478.0,843.0,633.0,929.0,125t,12.5 °C,1,1257,12.6 °C,2,12.5,12.5°C,1
Grill_Temperature_in_Thermometer-2373485941.jpeg,305.0,790.0,432.0,861.0,144c,14.4°C,1,14a4,14°C,2,14.4,14.4°C,1
Grill_Temperature_in_Thermometer-2375247346.jpeg,280.0,488.0,517.0,582.0,10.5,10.5°C,1,105,10.5 °C,1,10.5,10.5°C,1
Grill_Temperature_in_Thermometer-2377763380.jpeg,323.0,504.0,475.0,573.0,16.6,16.6°C,2,161,16.1°C,1,16.1,16.6°C,1
Grill_Temperature_in_Thermometer-2399321212.jpeg,581.0,563.0,707.0,617.0,E6,12.9°C,3,6,6.0 °C,0,not visible,5.6 °C,0
Grill_Temperature_in_Thermometer-2435854722.jpeg,371.0,649.0,684.0,804.0,7480,12.9°C,3,148,14.8°C,1,14.8,7.48°C,0
Grill_Temperature_in_Thermometer-250958323.jpeg,250.0,400.0,459.0,499.0,16.6,16.6 °C,1,16,16°C,2,16.6,16.6°C,1
Grill_Temperature_in_Thermometer-2526595888.jpeg,218.0,418.0,377.0,484.0,16.3,16.3°C,1,16a3,16°C,2,16.3,16.3°C,1
Grill_Temperature_in_Thermometer-2529988822.jpeg,535.0,337.0,608.0,367.0,109,10.9°C,1,109,10.9°C,1,10.9,10.9°C,1
Grill_Temperature_in_Thermometer-2628961652.jpeg,,,,,,,0,no_box,,0,9.2,No OCR data,0
Grill_Temperature_in_Thermometer-2721474524.jpeg,488.0,418.0,565.0,465.0,103,10.3°C,1,103,10.3°C,1,10.3,10.3°C,1
Grill_Temperature_in_Thermometer-2731979751.jpeg,344.0,580.0,461.0,627.0,14.4,14.4°C,1,014a4,19°C,0,14.4,14.4°C,1
Grill_Temperature_in_Thermometer-2782664357.jpeg,407.0,789.0,621.0,877.0,14.1E,14.1°C,1,141,14.1°C,1,14.1,14.1°C,1
Grill_Temperature_in_Thermometer-2792022073.jpeg,288.0,497.0,398.0,557.0,MA,12.9°C,3,101,12.9°C,3,10.1,32°C,0
Grill_Temperature_in_Thermometer-2799115904.jpeg,250.0,424.0,376.0,483.0,44,12.9°C,3,14,12.9°C,3,14.4,44°C,0
Grill_Temperature_in_Thermometer-2817350914.jpeg,,,,,,,0,no_box,,0,9.4,No OCR data,0
Grill_Temperature_in_Thermometer-2823002958.jpeg,370.0,277.0,578.0,404.0,9.6,9.  6°C,1,96,12.9°C,3,9.6,9.6°C,1
Grill_Temperature_in_Thermometer-2837552235.jpeg,362.0,300.0,627.0,414.0,P1440,12.9°C,3,14,14°C,2,14.4,14.4°C,1
Grill_Temperature_in_Thermometer-2909116386.jpeg,379.0,437.0,433.0,459.0,143,14.3°C,1,143,14.3°C,1,14.3,14.3°C,1
Grill_Temperature_in_Thermometer-2909116396.jpeg,381.0,567.0,452.0,609.0,4.6,4.  6°C,0,1468,14.6°C,1,14.6,4.6°C,0
Grill_Temperature_in_Thermometer-3006032451.jpeg,390.0,819.0,507.0,865.0,92,12.9°C,3,92,12.9°C,3,9.2,9.2°C,1
Grill_Temperature_in_Thermometer-3046211434.jpeg,160.0,707.0,245.0,756.0,93,12.9°C,3,939,12.9°C,3,9.3,9.3°C,1
Grill_Temperature_in_Thermometer-3061225424.jpeg,658.0,614.0,795.0,675.0,1152,12.9°C,3,01a5,12.9°C,3,11.5,11.52°C,1
Grill_Temperature_in_Thermometer-3061470274.jpeg,293.0,647.0,463.0,735.0,143,14.3 °C,1,1430,14.3°C,1,14.3,14.3°C,1
Grill_Temperature_in_Thermometer-3089187760.jpeg,329.0,325.0,487.0,388.0,16.3c,16.3°C,1,16a3,16°C,2,16.3,16.3°C,1
Grill_Temperature_in_Thermometer-3159954731.jpeg,439.0,815.0,566.0,862.0,9.9,12.9°C,3,19,12.9°C,3,9.9,9.9°C,1
Grill_Temperature_in_Thermometer-317346614.jpeg,392.0,568.0,494.0,620.0,378,37.8°C,0,1379,13.7°C,1,13.7,37.8 °C,0
Grill_Temperature_in_Thermometer-3191939103.jpeg,349.0,570.0,561.0,644.0,8.1,8.1 °C,1,81,8.1 °C,1,8.1,8.1 °C,1
Grill_Temperature_in_Thermometer-3213684090.jpeg,460.0,607.0,588.0,663.0,1283,12.8°C,1,128,12.8°C,1,12.8,12.83°C,1
Grill_Temperature_in_Thermometer-3225804030.jpeg,401.0,576.0,489.0,610.0,115A,11.5 °C,1,15,15°C,0,11.5,11.5°C,1
Grill_Temperature_in_Thermometer-3301097744.jpeg,,,,,,,0,no_box,,0,12.3,No OCR data,0
Grill_Temperature_in_Thermometer-3375468705.jpeg,,,,,,,0,no_box,,0,not visible,No OCR data,0
Grill_Temperature_in_Thermometer-3377359096.jpeg,,,,,,,0,no_box,,0,not visible,No OCR data,0
,,,,,,,39/100,,,30/100,,,52/100
